id,make,model,registration_number
1,Lotus,Esprit,WAUGL78E36
2,Audi,S4,5TDDK3DC7E
3,Plymouth,Breeze,4T1BD1EB6D
4,Ford,Econoline E150,5UXFG43558
5,Chevrolet,1500,4F2CY0C75A
6,Lotus,Elise,5XYZT3LB6D
7,Lexus,GS,1FTEX1CMXB
8,Mercedes-Benz,S-Class,WAUFFAFL5F
9,Renault,Alliance,5TDBW5G19A
10,Chevrolet,Cavalier,WAUDF98E07
11,Lamborghini,Diablo,3D73Y3CL7B
12,Dodge,Durango,WAURVAFD7C
13,Chrysler,LHS,WAUSH78E67
14,Chevrolet,Impala SS,ZHWGU5BZ0A
15,Lotus,Elise,WBAEA53599
16,Infiniti,Q,JM1BL1K58B
17,Mazda,B-Series,WBSPM9C5XB
18,Holden,VS Commodore,1FTWW3B55A
19,Ford,Focus,WA1VMAFEXA
20,Plymouth,Volare,WAUAFAFL4E
21,Jaguar,XK,5GAER237X8
22,Pontiac,Grand Prix,5GNRNGEE6A
23,Chevrolet,Camaro,5UXFG435X8
24,Oldsmobile,Alero,SALVE2BG6F
25,Dodge,Ram 1500 Club,1FT7W2A6XE
26,Suzuki,Kizashi,NM0AE8F78E
27,Lexus,GS,TRURD38JX8
28,Mitsubishi,Lancer,1FTEX1C87A
29,GMC,Yukon XL 1500,SCFEBBAC0A
30,Ford,LTD Crown Victoria,WAUMFAFR3E
31,Pontiac,Tempest,2C3CDXDT4E
32,Porsche,911,WAUHF78P99
33,Mitsubishi,Tredia,WBAEH73434
34,Ford,Thunderbird,1G6AB5SX5D
35,Mercedes-Benz,SL-Class,WAUYGAFCXC
36,Lamborghini,Gallardo,2FMDK4KC9A
37,Chevrolet,Suburban,1D7RE3GK7B
38,Kia,Sportage,WAUVC58E95
39,Pontiac,Grand Prix,1GYFC23229
40,Isuzu,VehiCROSS,1N6AD0CU7C
41,Dodge,Ram 1500,WVGFF9BP6B
42,Dodge,Dakota Club,WP0AB2A89C
43,Mazda,B-Series Plus,WAUHF78P27
44,Toyota,T100,3C63DPNL3C
45,Bentley,Continental,JH4CW2H50C
46,Volkswagen,Passat,2G4GR5EK9C
47,Suzuki,Daewoo Lacetti,1N6AF0LX8E
48,Acura,ZDX,3C6TD4CT4C
49,Volkswagen,Touareg,2G61R5S36F
50,Saab,9000,4A31K3DT9C
51,Lincoln,Zephyr,WBAAX13495
52,Ford,Crown Victoria,5N1AN0NU2B
53,Suzuki,Sidekick,5GALVAED5A
54,Audi,S6,TRUSC28N21
55,Hyundai,Sonata,3C3CFFHH9E
56,Scion,xB,WBASN2C55B
57,Ford,F350,WAUVF98K19
58,Bentley,Continental GTC,WAUSF98K49
59,Ford,Th!nk,2C3CDYCJ5C
60,Land Rover,Defender,3D4PG4FB9A
61,Chevrolet,Cavalier,KMHFC4DD6A
62,Dodge,Ram 2500,3VW467AT0D
63,Ford,LTD Crown Victoria,3MZBM1K73F
64,Buick,LeSabre,WBXPA73494
65,Buick,Park Avenue,KMHHT6KD5D
66,Toyota,Yaris,WBAKE3C50D
67,Infiniti,I,3GTXCYEJ0A
68,Mazda,Millenia,1G4GB5GG3A
69,Chevrolet,Lumina,1G6DU6EVXA
70,Lexus,SC,WBADW3C54D
71,Hyundai,Azera,WAUNF98P78
72,Volvo,V70,SCBGT3ZA5F
73,Mercedes-Benz,M-Class,WBADT33451
74,Dodge,Grand Caravan,WAU4FAFR6C
75,Lincoln,Zephyr,5TDBM5G10B
76,Hyundai,Excel,1GYUCDEF7A
77,Oldsmobile,Bravada,1N6AD0CW6E
78,Chevrolet,Astro,WBA3X5C55F
79,Toyota,Camry,WBAYP1C59F
80,Ford,Crown Victoria,2T1KU4EE3B
81,Hyundai,Sonata,JN1BJ0HP1E
82,Ford,Taurus,WVGEF9BP7D
83,Jaguar,XJ Series,WA1CGBFE0E
84,Ford,Flex,2C3CCADG7E
85,Ford,Escort,KMHTC6AD3C
86,Lotus,Esprit,1G6KE54Y14
87,Pontiac,Vibe,1G6DK5EY2B
88,Ford,Bronco II,1G6DL8EY0B
89,Dodge,Magnum,1FTEW1CF7F
90,Audi,90,WAUHE98P69
91,Plymouth,Voyager,JHMZF1C67C
92,Kia,Forte,5J8TB3H59F
93,Toyota,Tacoma,WAUEH78E26
94,Jeep,Grand Cherokee,WAUKF98E65
95,Dodge,Dakota,WBAKF3C59C
96,Mercedes-Benz,GLK-Class,1C4AJWAG2F
97,Ford,GT,WBAEU33473
98,Rolls-Royce,Ghost,1GYFK13239
99,Volvo,S40,WBAWB33579
100,Ferrari,458 Italia,WUAW2BFC4E
101,Cadillac,Seville,5XYKT3A16B
102,Mazda,B-Series Plus,WA1KK98R19
103,Mitsubishi,Lancer,WAUDN74F48
104,Hyundai,Veracruz,1G6AR5SX9F
105,Mitsubishi,Mirage,2D4RN1AG6B
106,BMW,325,WBA3D3C52E
107,Subaru,XT,WP0AB2A83C
108,Audi,A6,SCFBF04B98
109,Pontiac,Grand Prix,SALGR2WF9E
110,Mazda,MX-6,1LNHL9DR8C
111,Audi,RS 4,SCBGC3ZA9E
112,Jeep,Grand Cherokee,SCBBB7ZH6B
113,Oldsmobile,Cutlass Supreme,WAUJT68E95
114,Buick,Century,WBALX3C57C
115,Dodge,Grand Caravan,WBALY1C53E
116,Volvo,240,2C3CDYAG0C
117,Honda,Ridgeline,1GD02ZCG0E
118,Dodge,Ram,2B3CK8CT3A
119,Dodge,Caravan,4T1BF1FK9F
120,Lamborghini,Diablo,WBAVC53548
121,Audi,Coupe Quattro,JH4CW2H69E
122,Suzuki,XL-7,WBANW5C59A
123,Chrysler,PT Cruiser,WBAGL63423
124,Hyundai,Elantra,1G6DH8EY8B
125,Cadillac,DeVille,JM3TB2BAXD
126,Pontiac,Turbo Firefly,WBA6B2C5XE
127,BMW,7 Series,2C3CDXEJ9F
128,Ford,F-Series,5FRYD4H45F
129,Ford,Fiesta,2HNYD18903
130,Toyota,Sienna,WBAYA8C57F
131,Subaru,Tribeca,3VWPG3AG4A
132,Ford,Explorer,1N6AF0KX8F
133,BMW,8 Series,5XYKT3A10D
134,Mitsubishi,Diamante,1G6AB5SX5E
135,Ford,Lightning,WBASN2C55A
136,Volkswagen,GTI,3C6TD4KT2C
137,Toyota,Celica,1G6DC1E39E
138,Audi,A8,1GTN1UEH8E
139,Isuzu,Trooper,5GAEV23D99
140,Subaru,Legacy,YV1612FH8E
141,Toyota,Tundra,1FA6P8AM5F
142,Audi,Cabriolet,3GTU1YEJ3B
143,Honda,Accord,WA1DVAFE3A
144,Jeep,Commander,1G4GF5E39C
145,Nissan,Sentra,KMHEC4A4XB
146,Kia,Carens,5LMJJ3H58B
147,Mitsubishi,3000GT,WVWBN7AN7F
148,Suzuki,Grand Vitara,1GYS4HEF7E
149,Volkswagen,Tiguan,WBACK73481
150,GMC,Sonoma,4T1BD1FK8E
151,Mitsubishi,Montero Sport,1GYFC36249
152,Mitsubishi,Mirage,1ZVBP8AM8C
153,Audi,A6,5N1AN0NU8A
154,Toyota,TundraMax,1N4AL3AP3E
155,Toyota,Matrix,1G6DX67D58
156,Chrysler,Town & Country,WAURVAFD8C
157,Hyundai,Elantra,1D4PT2GK0B
158,Mazda,626,1GYS4DEF1E
159,Subaru,Tribeca,4F2CY0C79A
160,Toyota,4Runner,1GYFK33289
161,Nissan,Rogue,SCBGU3ZA2F
162,Mercedes-Benz,300SE,4T1BF1FK5F
163,Studebaker,Avanti,1G4GD5GG2A
164,Ford,Bronco,JTHBW1GG1E
165,Ford,Edge,1G6DW67765
166,Volkswagen,Cabriolet,WAUNF98P47
167,Honda,Accord,2C3CDYBT9D
168,Nissan,Frontier,1C4RDJEG1F
169,Rolls-Royce,Ghost,3FAHP0JAXA
170,Land Rover,Range Rover,1G6DJ57788
171,Land Rover,Discovery Series II,1G6DV1EP3C
172,Mitsubishi,Expo,WAUSF78E47
173,Lamborghini,Diablo,JTEBU4BF4C
174,Mitsubishi,Starion,WAUKG94F46
175,Chrysler,LHS,WAUAFAFL6F
176,Isuzu,Rodeo,WAUUL78E36
177,Mazda,MX-5,WBAWC73558
178,Audi,Q5,WBABS33483
179,Chevrolet,Camaro,3LN6L2LU2E
180,Dodge,Journey,WDDGF4HB6C
181,Mitsubishi,GTO,WDDEJ7EB1D
182,Honda,Accord,2C3CK5CV4A
183,Aston Martin,DBS,2C3CDXEJ8F
184,Peugeot,207,WBA5A7C57F
185,Chevrolet,Suburban 1500,1FTEW1CW4A
186,Subaru,Impreza,SCBBP9ZA6A
187,Subaru,Justy,YV1612FH6E
188,Audi,riolet,WBABD33485
189,Hummer,H2 SUT,JN1AY1AP3D
190,Oldsmobile,Aurora,WBAVD53587
191,Ford,Focus,WAUDF78E56
192,Volkswagen,Golf,SALSF2D44C
193,Dodge,Ram 1500,KMHGH4JH4F
194,Lexus,LS,WBSWL93519
195,Chevrolet,Blazer,1G6DH8EY4B
196,Volkswagen,Golf,JTHBB1BA3B
197,Chrysler,Grand Voyager,1N4AL3AP0D
198,Lexus,RX,JH4KC1F94E
199,Toyota,Tacoma,5N1BA0NC8F
200,Toyota,Avalon,2T1BU4EE2C
201,Volvo,V50,3CZRE3H30B
202,BMW,750,5J8TB1H50C
203,Volkswagen,Phaeton,3C63D3EL0C
204,Toyota,Sequoia,KNAFT4A23B
205,Buick,Regal,WAUAF98E85
206,Ford,Econoline E250,1YVHZ8BH1B
207,Volkswagen,New Beetle,3D73M4ELXA
208,Pontiac,Grand Prix,JN8AF5MR7C
209,Dodge,Charger,1FTWW3CY1A
210,Kia,Mohave/Borrego,WAUVT58E04
211,Mercury,Mountaineer,WBAFR9C58C
212,Volkswagen,Corrado,JN8AZ1MU1A
213,Chevrolet,Traverse,5J8TB18258
214,Honda,Ridgeline,WAUR2AFD3E
215,Volkswagen,Golf,3GYFNGE37E
216,Plymouth,Colt Vista,WAUGFAFR0D
217,Chevrolet,Corvette,JHMZE2H54D
218,Lexus,IS,2C3CCAFJ5C
219,Mitsubishi,Chariot,3VWKX7AJ7D
220,GMC,Sonoma Club Coupe,WVGAK7A9XA
221,Ford,Taurus,5YMGY0C53C
222,Mazda,B-Series Plus,1G4HJ5EMXB
223,Chevrolet,S10,1FTWX3A56A
224,GMC,1500 Club Coupe,2HNYD28897
225,Pontiac,Firebird,1FMEU6FEXA
226,Nissan,Leaf,1G6AJ5S3XD
227,Suzuki,SJ 410,2B3CJ5DT1B
228,Honda,Civic,1GYS4KEF6B
229,Dodge,Ram 1500 Club,1G4HB5EM9A
230,Land Rover,Freelander,WA1LGAFE0F
231,Volvo,V70,WDDEJ7GBXD
232,BMW,Z3,WBA3C1C52D
233,Mercury,Grand Marquis,1G6DV57V88
234,Acura,ZDX,1GYS3BEF8C
235,Mazda,RX-8,1G4CU54145
236,Cadillac,DTS,SCBET9ZA2F
237,GMC,Acadia,WBAUP7C52D
238,Hyundai,Azera,WDDLJ6HB8F
239,Audi,90,2FMGK5CCXA
240,Volkswagen,Phaeton,WA1LGBFE2F
241,Toyota,Highlander,SCFFDABE5C
242,Chevrolet,Impala,SCFAB01A78
243,Jeep,Wrangler,WAUCFAFH5D
244,Pontiac,Bonneville,JN8AZ1MU5C
245,Lamborghini,Murciélago,19VDE1F77E
246,Bentley,Continental GT,1G6KD57Y75
247,Toyota,Sequoia,4A37L3ET5A
248,Suzuki,Swift,5J8TB4H30E
249,GMC,Savana 1500,WBADT63461
250,Toyota,FJ Cruiser,WAULF78K59
251,Toyota,Cressida,WAULH54B31
252,Dodge,Ram 1500,1N6AF0KY3F
253,Mercedes-Benz,S-Class,3D4PH9FG7B
254,Mitsubishi,Mighty Max,1G6YV36A59
255,Volvo,850,3C63D3CL3C
256,Maybach,57,1G6KD57Y69
257,Volkswagen,Routan,2HNYD28867
258,Mercedes-Benz,S-Class,YV4952CY3E
259,Audi,A8,WAUWGAFC2F
260,Ford,Laser,WAUUFAFH2B
261,Mazda,323,JN8AF5MR5F
262,BMW,750,YV4952BZ0E
263,Toyota,4Runner,WA1BV74L37
264,Chevrolet,Aveo,WAUDF98E08
265,Volkswagen,Corrado,3N1CN7AP6D
266,Pontiac,Sunfire,19UUA65676
267,GMC,3500,ZHWGU5BZ8C
268,BMW,M6,TRUTC28N24
269,Chevrolet,Silverado 3500HD,WBAPH7G55A
270,Ford,Explorer Sport Trac,SCBLE37G63
271,Mitsubishi,Tredia,5GAKVCKDXE
272,Lincoln,LS,WDDHF2EB6C
273,Infiniti,G37,3D7JV1EP7A
274,Mazda,MX-6,1N6AA0EJ1F
275,Ford,Explorer,WBADT33442
276,Kia,Sedona,5YMGY0C57D
277,Ford,F150,SCBFT7ZA5E
278,Kia,Mentor,WAUPL58E14
279,Maybach,Landaulet,1G4HR57Y27
280,Volvo,S80,5TDBY5G1XF
281,GMC,Sierra 1500,5J6TF2H52F
282,Honda,Civic,JTEBU5JR0B
283,Maserati,228,1G6AG5RX3F
284,Volvo,V50,2T1BPRHE4F
285,Volkswagen,Cabriolet,WA1MYBFEXA
286,Ford,LTD Crown Victoria,1G4PS5SK1C
287,Lincoln,Continental,JH4KA96572
288,Toyota,Camry,WBAXG5C5XC
289,Ford,F350,1G6YV36A47
290,Toyota,Land Cruiser,3C4PDCGB5E
291,GMC,Safari,WAUNF78P78
292,Chevrolet,1500,WAUKH78E36
293,Kia,Sephia,WAUAH94F26
294,Mercedes-Benz,SL-Class,2B3CA4CD1A
295,Ford,Explorer,1G4CU54182
296,Kia,Sportage,1N6AA0CC0F
297,Lincoln,Town Car,WAUMV44E57
298,Infiniti,FX,3D7TT2HTXB
299,Toyota,Highlander,1G6DC1E38E
300,Jeep,Compass,WAUBF98E08
301,Pontiac,Grand Prix,JTJHY7AX1A
302,Honda,Pilot,1G4HP54K31
303,Hyundai,Sonata,WAUVC58E65
304,Mazda,626,5TDDK3DC5C
305,Pontiac,LeMans,3D7TP2CT0A
306,Dodge,Grand Caravan,WAUBF78K69
307,Scion,tC,4T1BD1FK3E
308,Chevrolet,Monte Carlo,JTHBW1GG2E
309,Lamborghini,Gallardo,5UXFG83539
310,Mercury,Tracer,4T1BK3DBXA
311,Toyota,Supra,SALFR2BN2C
312,Chevrolet,Venture,WAUVC68EX2
313,Mercury,Mountaineer,SAJWA4EC6C
314,Acura,MDX,WA1CMBFP1E
315,Lexus,GX,1C4SDHCT6D
316,Porsche,944,1GYS4KEF9B
317,Saturn,L-Series,1GKS1GEJ8C
318,Lamborghini,Gallardo,WAUNF98P07
319,Mitsubishi,Montero Sport,3C63DRBL4C
320,GMC,Jimmy,KMHHT6KD3A
321,Hummer,H3T,JTHBL5EF3E
322,Toyota,Tacoma Xtra,WA1LGAFE0F
323,BMW,3 Series,WA1WMAFE0C
324,Lotus,Elise,WAUDH74F17
325,Mitsubishi,Galant,1G6DC8EY8B
326,Lamborghini,Countach,19UUA8F21D
327,Toyota,Camry,2T1BU4EE4D
328,Ford,Econoline E250,JN1CV6FE7A
329,Chevrolet,Avalanche,WDDEJ7KB2A
330,Lotus,Elise,2C3CDYBT4C
331,Toyota,Avalon,4T1BF3EK8A
332,Lotus,Elan,WBABN734X3
333,Isuzu,Trooper,KNAFT4A26B
334,BMW,X5 M,SALWR2TF4F
335,Hyundai,Veloster,WA1VMBFE7D
336,Ford,EXP,WA1CMAFE8E
337,Dodge,Nitro,1N6AD0CW1F
338,Chevrolet,Sportvan G10,WBA3B1C5XD
339,Chevrolet,Cavalier,WA1EY74L68
340,Lexus,GS,WA1YL64B84
341,Mitsubishi,Montero Sport,1D7RV1GP8A
342,Land Rover,Range Rover,3GYFNDE38D
343,Audi,Coupe GT,WBXPA93484
344,Maserati,GranTurismo,1GYS4GEF8C
345,Mazda,Miata MX-5,WAURFAFR4D
346,Aston Martin,V8 Vantage,SALCR2BG1F
347,Fairthorpe,Rockette,WBAAV33481
348,Jaguar,XJ Series,2G4GX5GV5B
349,BMW,X3,1GKS1AKC7F
350,Chevrolet,Corvette,1FADP5BU6D
351,Ford,F450,4T1BK1EB0E
352,Lincoln,MKX,3VWJP7AT5C
353,Buick,Century,KMHHT6KD6B
354,Kia,Sedona,WVWGD7AJ0E
355,Mercury,Capri,3C4PDDDG3D
356,Suzuki,XL7,1FMCU0C77A
357,Mitsubishi,Eclipse,1GYS3BEF7E
358,GMC,Sonoma,1C4RJEAGXC
359,Mercedes-Benz,SLS AMG,4T1BF1FK6C
360,Ford,Thunderbird,WBSDE93452
361,Ford,Festiva,1G6AS5S37F
362,Chevrolet,Beretta,JTHBF1D28F
363,Dodge,Ram Van 1500,WBY2Z2C58F
364,Pontiac,Torrent,1C4SDHCT4D
365,Pontiac,Grand Am,5GALVAEDXA
366,Toyota,Corolla,1GD021EG9F
367,Toyota,Sequoia,1GYEC63818
368,Subaru,Tribeca,5NPDH4AE6F
369,Nissan,Armada,1GD12ZCG4B
370,Buick,Riviera,19UUA66284
371,Dodge,Ram Van 2500,3C6JD7EP7C
372,Ford,E350,WBA3C1C57C
373,Audi,V8,1G6KD57Y69
374,Volkswagen,Touareg,1G4HP54K85
375,Dodge,Avenger,1GYS3EEJ7B
376,Dodge,Ram 2500,KMHDB8AEXC
377,Honda,CR-V,1G6DK5EV3A
378,Mitsubishi,Lancer,JM1BL1K56B
379,Buick,Riviera,1D7RV1GT1B
380,Mitsubishi,GTO,WDDGF4HB3C
381,Mitsubishi,Montero,WBAUL7C59D
382,Jeep,Liberty,1C3CDFEBXE
383,GMC,Savana 3500,WBAKA8C56A
384,Porsche,911,2T1BURHE7F
385,Ford,Bronco II,1FMJK1F52B
386,Volvo,S90,1GD02ZCG3E
387,Hyundai,Santa Fe,SCBBR9ZA4B
388,Chevrolet,Blazer,KMHCM3AC4B
389,Porsche,911,1G6DW6ED2B
390,Dodge,Ram,WA1CFBFP5C
391,Austin,Mini Cooper S,WAUHF98P26
392,GMC,Sierra 3500,JH4DC54896
393,Mercedes-Benz,E-Class,1G6KD57Y79
394,Lincoln,Continental,YV1672MKXB
395,Porsche,911,1GKS2GEJ1D
396,Mazda,Mazda3,3C6JR6CT5D
397,Kia,Spectra,1G6DF8E5XE
398,Mazda,Mazda3,1GD22XEG6F
399,Chevrolet,3500,WA1VYAFE8A
400,Mitsubishi,Lancer,2HNYD2H29C
401,Volvo,C70,5N1AA0NC5E
402,Dodge,Ram 2500,JTDBT4K36B
403,Mercedes-Benz,C-Class,3D73M3HL2A
404,Nissan,Xterra,2D4RN4DG0B
405,Honda,Accord,WVGEP9BP0F
406,Geo,Storm,WBAPH7G52A
407,Ford,Escort,WAULC58E62
408,Nissan,NV3500,JTDKTUD35E
409,Honda,Accord,JH4DC53843
410,Toyota,Tacoma Xtra,SCBBP9ZA4D
411,Chevrolet,Sonic,JH4DC23981
412,Oldsmobile,Bravada,3GYFK66N24
413,Ford,Escape,WBAFZ9C58D
414,Corbin,Sparrow,5UXFE83579
415,Chevrolet,TrailBlazer,WDCGG0EB7D
416,Chrysler,PT Cruiser,1ZVBP8AM9D
417,Infiniti,QX,2FMDK3GC0B
418,Toyota,Sienna,19UYA41703
419,Buick,Skyhawk,1G6DP56745
420,Cadillac,SRX,1C3CDFBA8D
421,Ford,Crown Victoria,5GADV23137
422,Ford,Focus ST,1GKKRNED5B
423,Toyota,MR2,JN1AZ4EHXE
424,Saab,9-5,JN8AZ2ND9F
425,Toyota,Land Cruiser,1N6AF0LY3E
426,Ford,Club Wagon,JN8AZ1MU6A
427,Mercedes-Benz,CL-Class,1G4GB5ER1C
428,Ferrari,612 Scaglietti,JA4AD2A37E
429,Mercury,Grand Marquis,JN8AZ2NC3E
430,Aston Martin,DB9,WUARL48H34
431,Dodge,Ram Van B150,1N6AA0ECXD
432,Mitsubishi,Diamante,1G4GH5G35D
433,GMC,Vandura G1500,WAUHE78P88
434,Nissan,Xterra,SCBFT7ZA3E
435,Acura,NSX,JH4CU2F6XD
436,Aston Martin,DB9,3MZBM1K72E
437,Ford,Bronco,SCFEDCAD6C
438,Eagle,Talon,WP0AB2A91B
439,BMW,M5,WBAYA8C51E
440,Kia,Forte,YV1902AH9E
441,Saab,9-5,1GYS4CKJXF
442,Honda,Accord,WA1EV74L88
443,Alfa Romeo,Spider,JN8AE2KP5B
444,BMW,X3,WAULD64B24
445,Isuzu,Hombre,1G6DK1E37C
446,Mercury,Villager,JTMHY7AJ9F
447,Cadillac,CTS,2T1BU4EE2D
448,Volvo,S40,1C3BC2EB2B
449,Chevrolet,APV,WBA3A5C54F
450,Ford,F-Series,1GYS4NKJ6F
451,Oldsmobile,Cutlass Supreme,SCBBB7ZHXD
452,GMC,Safari,2FMDK4GC7A
453,Pontiac,Trans Sport,1C4RDJEG3F
454,Ferrari,612 Scaglietti,2C3CDYCJ6E
455,Buick,Electra,2LMHJ5AT8F
456,Buick,Roadmaster,KM8JT3AB2B
457,Toyota,Matrix,1G6KD57Y78
458,Ford,Thunderbird,2G4GT5GV3C
459,Lincoln,MKZ,WBA3N5C52E
460,Mitsubishi,Montero Sport,3CZRE3H34A
461,Chevrolet,Tracker,SCBFU7ZA2E
462,Eagle,Summit,1FTMF1CW8A
463,Buick,Regal,WBSBL93492
464,Mercury,Mariner,WAULFAFH0D
465,Infiniti,QX,WAUHFAFL1E
466,BMW,5 Series,JTDZN3EUXD
467,Tesla,Roadster,JTHBL1EF5A
468,Jaguar,XK,KMHGH4JH1C
469,Acura,RL,WBAUL7C51A
470,Lincoln,Town Car,WDDHF2EB4D
471,Dodge,Caravan,KL4CJESB1F
472,BMW,7 Series,KNAFU6A23C
473,Lexus,LS,1G6DK8E3XC
474,Chevrolet,Corvette,2V4RW3D13A
475,Volvo,960,SCBLF34F95
476,Audi,A6,WBA3G7C57E
477,Acura,Integra,KMHCT4AE8C
478,GMC,Savana 3500,WA1CMAFE7E
479,Jeep,Wrangler,WBANF73557
480,Jeep,Wrangler,5GAKRBEDXB
481,Infiniti,G35,3N1CN7AP8D
482,GMC,Sierra 2500HD,WBA3B9C53D
483,Porsche,928,WBAXG5C58C
484,Toyota,Tundra,WAU3MAFD9F
485,Toyota,Tacoma Xtra,WBA8Z5C53F
486,Nissan,300ZX,WAUPL68E64
487,Volkswagen,GLI,WAUDH78EX6
488,Subaru,Outback,WBAFR9C58D
489,BMW,3 Series,JHMZF1C6XF
490,Land Rover,Discovery,1G6DA1E37C
491,Mercury,Sable,WBAPK5C50A
492,Ford,E-Series,1FTSF3A57A
493,Hyundai,Elantra,1N6AA0CJ6F
494,BMW,760,1FTEW1CM5B
495,BMW,M3,WBAYF8C52E
496,Lexus,RX,1FTWW3B59A
497,Mitsubishi,Montero Sport,WAUSF98K79
498,Chevrolet,Camaro,SCFEFBBC9A
499,Mercury,Sable,WBAWL13519
500,Saturn,L-Series,5FRYD4H42G
501,Ford,Contour,WBA3A9C53F
502,Toyota,4Runner,1FT7W2A69E
503,Toyota,Yaris,WBS3R9C50F
504,Audi,V8,137ZA83321
505,Cadillac,CTS,4A4AP3AUXE
506,Porsche,911,WAUBT48H25
507,Chevrolet,Silverado,WVGAV7AX7B
508,Ford,Bronco,WAULC68E93
509,Dodge,Avenger,WDDGF5EB7A
510,Toyota,Tacoma Xtra,WAUPEAFM2D
511,Toyota,TundraMax,5GAKRAED4B
512,Chevrolet,Silverado,5UXFG8C57E
513,Ford,Mustang,1C3CCBAB9C
514,Oldsmobile,Silhouette,WAUKFBFL8C
515,Subaru,XT,JH4CU2F89D
516,Volvo,850,1G4HP52K64
517,BMW,3 Series,WUAYU48HX8
518,Isuzu,i-290,JM1NC2MF0E
519,Audi,S8,1D7RW5GK2B
520,Dodge,Durango,WBAKF5C56C
521,Mitsubishi,Montero,1GKS1FEJ7C
522,Audi,S6,3VWKP7AJ0D
523,Land Rover,LR4,5UXWX7C54C
524,Chevrolet,Silverado,1GYFK23269
525,Porsche,944,WDDGF4HB0D
526,Ford,F250,WBAEK73455
527,Dodge,Viper,4USBT53413
528,Mitsubishi,Eclipse,WAUHFBFL1B
529,Dodge,Stratus,3C6TD5GT5C
530,Land Rover,Range Rover,2C4RDGCG3D
531,Mazda,RX-7,JTHBK1GG1F
532,Ford,Escort,1N6AA0CJ1E
533,Honda,Pilot,WAUKD78P77
534,Honda,Prelude,3D73Y4HL7A
535,GMC,Vandura 1500,3VW4T7AT6D
536,Chevrolet,Volt,WBAPL5G54B
537,Toyota,4Runner,WAUFFBFL8C
538,Lincoln,Town Car,1C3BCBEB6D
539,Suzuki,Grand Vitara,1GYS3HKJ4F
540,Buick,Century,WAUMV94E48
541,Toyota,Solara,WBALW7C5XD
542,Subaru,Loyale,1FTEX1CM5B
543,Volvo,V50,5FRYD4H6XF
544,Plymouth,Colt,WAUKF78E17
545,Ford,Ranger,2HNYD18745
546,Volkswagen,Routan,JH4DC54883
547,Honda,Accord,SCFAB02A97
548,Chevrolet,Express 3500,2G4GW5EV7B
549,Mercedes-Benz,W201,KNADM4A37C
550,Suzuki,Swift,4T1BF3EK2A
551,GMC,Sierra 3500,WBAYB6C58E
552,BMW,Z4,3C3CFFJHXE
553,Mercury,Sable,WAUJC58E45
554,Dodge,Intrepid,WA1C8AFP6E
555,Mercury,Lynx,WAUSF78K09
556,Lamborghini,Countach,WAULFAFH4B
557,Bentley,Azure,1G6YV34A55
558,Pontiac,Sunfire,2HKRM3H39F
559,Buick,LeSabre,WAUA2AFD0E
560,Chevrolet,Cavalier,1D7CE3BK1A
561,Ford,F350,3GYFK12259
562,Chevrolet,Lumina,JN1CV6AP9C
563,Buick,Skylark,TRUVD38JX9
564,Mitsubishi,Endeavor,2C3CDXHG3D
565,Ford,Explorer,1GD312CG2D
566,Bentley,Continental GTC,JN8AS5MT2A
567,Suzuki,Esteem,2FMGK5DC4A
568,Dodge,Grand Caravan,3C4PDDEG9D
569,Suzuki,Grand Vitara,JN1EY1AP3D
570,Lotus,Esprit,SCFFDCCD2C
571,Lincoln,MKS,WBABD33465
572,Porsche,914,1G6KD57Y31
573,Porsche,Cayenne,19XFA1E88A
574,Dodge,Ram Wagon B150,WUARL48H89
575,Mercedes-Benz,C-Class,WAUVC58E33
576,BMW,5 Series,WAUEG78E26
577,Pontiac,Vibe,1G6DH5E59D
578,Pontiac,Grand Prix,WVWAA7AJ8B
579,Audi,A4,WAUGFBFC9D
580,Mitsubishi,Galant,WBAFR9C55D
581,Chevrolet,Tahoe,WBA3D3C58F
582,Pontiac,Firefly,JTHHP5BCXF
583,Mazda,MX-6,19UUA66204
584,Porsche,944,WBA3V7C58E
585,Nissan,240SX,WD3PE7DC2F
586,Dodge,Colt,2C4JRGAG4D
587,Jeep,Patriot,WBAPK73559
588,Ford,E150,WP1AE2A27F
589,Ford,Focus,1GYEE63799
590,Toyota,Prius v,3FAHP0DC2A
591,Dodge,Ram Van 2500,1FTSX2B50A
592,Hyundai,Sonata,1FTEW1CWXA
593,Aston Martin,V8 Vantage,1G4HA5EM0B
594,Ford,Explorer,1GKS1HE00B
595,Chevrolet,Cavalier,YV4902DZ9E
596,Oldsmobile,Silhouette,WAUBH74F88
597,Lexus,LX,4T1BF1FK3F
598,Subaru,Legacy,JH4DC53883
599,Ford,Escort,WAUHF98P28
600,Dodge,Ram 3500,JH4CU2F84D
601,Pontiac,Firebird,1GYFK63867
602,Mercury,Mountaineer,5N1AA0NDXF
603,Mercury,Capri,1G6DZ67AX8
604,Daewoo,Leganza,WAUWFAFH2B
605,Land Rover,LR4,WA1CFBFP3D
606,Toyota,Tacoma,1B3CB7HB5A
607,Mitsubishi,Mirage,WBAKX8C57B
608,Mercedes-Benz,E-Class,1GYS3BKJXF
609,Toyota,Solara,KMHHT6KD0C
610,Cadillac,Escalade ESV,3N1AB6AP3A
611,Geo,Storm,ZFBCFAAH9E
612,Honda,Pilot,SAJWA0E74D
613,Isuzu,Ascender,1G6KD57Y74
614,Toyota,Highlander,WAUXF98K89
615,Chevrolet,Avalanche 2500,JN8AS5MT6B
616,Mercedes-Benz,E-Class,WBA4A7C52F
617,Bentley,Arnage,5NPDH4AE4D
618,Honda,Pilot,1FMJK1G51E
619,Chevrolet,Corvair,1G6AA5RX2F
620,Audi,80,WBABW33416
621,Mitsubishi,Mirage,WA1BV74LX7
622,Land Rover,Discovery,5GADV33107
623,Toyota,Corolla,137FA90391
624,Audi,A5,JN1AZ4EH2F
625,Mazda,Mazda6,JN8AS5MT6A
626,Cadillac,DTS,1N4AA5AP0C
627,Honda,Civic,WBAGN63554
628,Pontiac,Fiero,WBABD33456
629,Lotus,Elise,WBA3B9C58E
630,Chevrolet,Suburban 1500,1FT7W2A67E
631,Volvo,240,WBAGL83525
632,Chevrolet,Cobalt,5J6TF3H32C
633,Maserati,Spyder,JN1BY0AR3A
634,Mercedes-Benz,E-Class,3GYFK66N25
635,Kia,Sedona,KNADH5A38A
636,Chevrolet,Impala,2HNYD18985
637,Chevrolet,Impala,JTDZN3EU6D
638,Nissan,Titan,JM1GJ1T69F
639,Ferrari,612 Scaglietti,KNAFU6A29D
640,Mazda,RX-8,1FTEW1CW5A
641,BMW,X5,WBAFU9C54C
642,Land Rover,Range Rover,WA1WMAFEXE
643,Mercedes-Benz,SL-Class,WBAPM5C5XB
644,Chevrolet,APV,KNDMG4C74C
645,Ford,Tempo,WAUHF98P58
646,Pontiac,Vibe,5N1AN0NWXE
647,Toyota,Sienna,1G6DJ57798
648,Honda,Civic,WAUJGAFC9D
649,Lincoln,Town Car,1C4RDHDG3F
650,Subaru,Legacy,1N4AL2APXB
651,Jaguar,S-Type,WBAEP33405
652,Ford,E-Series,2HKRM3H33E
653,Pontiac,Safari,TRUWC28N52
654,Land Rover,LR2,3C63D3GLXC
655,Mercury,Cougar,1FTMF1EW8A
656,Lincoln,MKX,4T1BD1EBXE
657,Land Rover,Discovery,KMHHT6KJ8F
658,Chevrolet,Impala,1G6AJ5SXXF
659,Chevrolet,Express 1500,1G6KH5EY1A
660,BMW,X3,5FRYD3H92G
661,Jeep,Commander,1C4AJWAG7F
662,Chevrolet,G-Series 3500,1G4GB5GR8C
663,GMC,1500 Club Coupe,WBAKF3C58B
664,Chevrolet,Corvette,WBANF335X6
665,Chevrolet,Suburban 2500,2T1BU4EE2B
666,Mitsubishi,Cordia,1D7RB1CP4A
667,Lamborghini,Murciélago,3D7JV1EP3B
668,Dodge,Avenger,1N4AL2AP8C
669,Ford,E-Series,5N1AR2MM8F
670,Geo,Metro,5N1AN0NW9D
671,Volvo,S40,JN1CV6FE5E
672,Saab,900,2G4WD53225
673,Audi,S8,WAULT68E83
674,BMW,M5,WP1AA2A20E
675,Mitsubishi,Montero Sport,WA1LGAFE7E
676,GMC,Canyon,3C6TD5GT6C
677,BMW,M5,WAUAF98E05
678,Mercedes-Benz,SLK-Class,1GTN1TEX4D
679,Ford,Thunderbird,2G4WB52KX1
680,Mercury,Mariner,2C3CCAKG6D
681,GMC,3500 Club Coupe,2G4GU5GX6E
682,Dodge,Neon,1G6KE57Y42
683,Aston Martin,V8 Vantage,WBAEJ13432
684,Toyota,Camry,JTDZN3EU1E
685,Land Rover,Range Rover,WVWEU9AN2A
686,Pontiac,Bonneville,WA1CV94L07
687,Toyota,Highlander,1GD22ZCG9C
688,Honda,Odyssey,SALVP2BG8F
689,Toyota,Venza,WAUNF98P18
690,Audi,80/90,SAJWA1CZ7E
691,Subaru,Legacy,5FPYK1F55E
692,Saab,900,JH4KB2F57B
693,Nissan,Quest,1FBNE3BL3B
694,Cadillac,Seville,WAUYP54B31
695,Chevrolet,Caprice,WBAPT73518
696,Toyota,Prius Plug-in,3N1CE2CP2F
697,Honda,Ridgeline,1N4AL3APXD
698,Infiniti,G,2FMGK5C80F
699,Volvo,C70,SCFAB01AX7
700,Kia,Mentor,WA1LKBFP4A
701,Hyundai,Tiburon,KMHHU6KJ2F
702,Cadillac,DTS,5FNRL5H2XF
703,Mazda,Tribute,1GKS2FFJ6B
704,Isuzu,Hombre,3C63DPJL6C
705,Mercedes-Benz,E-Class,WBA3A9C59C
706,Daewoo,Leganza,19UUA56833
707,Saab,9-7X,4USBU53586
708,Acura,RL,KMHHT6KD2A
709,Kia,Optima,1GTN1UEH9E
710,Honda,Accord,WAUEF78E98
711,Mitsubishi,3000GT,2HNYD18412
712,Hummer,H1,WA1UFBFL9D
713,Toyota,4Runner,WAUA2AFD9D
714,Lexus,IS-F,JH4CU2E84E
715,GMC,Canyon,1C4RDJAGXF
716,Mercedes-Benz,CL-Class,1C6RD6PTXC
717,BMW,530,3C63DPAL4C
718,BMW,7 Series,JN8AE2KP5E
719,Cadillac,Eldorado,WAUFGAFC2F
720,Rolls-Royce,Ghost,JTDKTUD37E
721,Buick,Park Avenue,5N1AA0NC9C
722,Mazda,Tribute,WAUAKAFB6B
723,Cadillac,CTS,1FTEW1CW6A
724,BMW,7 Series,1FTWX3B56A
725,Isuzu,Hombre,WAUMF78PX6
726,Cadillac,XLR-V,2C3CDXJGXD
727,Dodge,Ram,WAUPL68E44
728,Subaru,Legacy,3LNDL2L33B
729,Cadillac,Escalade,1FADP5AU6D
730,Porsche,Boxster,WAUJFAFH4D
731,Dodge,Ram Van 2500,1N4AL2AP0A
732,Mazda,626,WAUBGAFC2C
733,Mercedes-Benz,300SL,WAUVC68EX5
734,Ford,Mustang,1FTEX1CM1B
735,Lexus,HS,1GYS4GEF1D
736,Ford,F250,1N6BF0KM7F
737,Oldsmobile,Silhouette,WA1WMBFE0F
738,Mercury,Mountaineer,2T2BK1BAXA
739,Ford,F350,4T1BF1FK8E
740,Honda,Odyssey,2HNYD287X8
741,Kia,Spectra,1G6DE5E52C
742,Infiniti,QX,WA1GFCFS0F
743,Lincoln,Navigator L,1G6DS1E35C
744,Pontiac,Grand Am,1G6AB5R39F
745,Chevrolet,Blazer,3VWJX7AJ1A
746,Mazda,Millenia,1HGCP2E83A
747,Dodge,Ramcharger,1GYS3GKJ7F
748,Acura,ZDX,2C3CDXJG8D
749,GMC,Acadia,JTJHY7AX9B
750,Acura,RL,KMHFH4JG9F
751,Dodge,Nitro,NM0KS7AN9A
752,Ford,Ranger,1C4RDJAG0F
753,Honda,Odyssey,1G6KD57Y07
754,Chevrolet,Express 1500,1C4RDJDG4F
755,Lincoln,MKZ,WBANE73566
756,Plymouth,Voyager,JN8AF5MR1F
757,Pontiac,GTO,WUARL48H54
758,Ford,LTD,1N4AB7AP5D
759,Alfa Romeo,164,KMHFG4JG7F
760,Mazda,Millenia,5N1CR2MMXE
761,Land Rover,Freelander,1GD02ZCG8C
762,Ford,Aerostar,JN8AS5MT7D
763,Ford,F350,19UYA42511
764,Ford,E-Series,3D73Y4CL5B
765,Smart,Fortwo,WUALNAFG7E
766,Audi,100,3VWML7AJ1C
767,Mazda,RX-8,1FBNE3BL9E
768,Buick,LaCrosse,JN1AZ4FHXF
769,GMC,Sonoma Club Coupe,1G4GF5G31D
770,Chrysler,Town & Country,SAJWA1CB0B
771,Honda,Prelude,WDDHF8JB7D
772,Ford,Bronco,WAUHF98P89
773,Porsche,Boxster,WBAPN7C5XA
774,Dodge,Durango,WVWAN7AN6D
775,Toyota,Corolla,3GYFK66N94
776,Mercury,Mountaineer,WAUMF98K59
777,Mazda,929,WA1CGAFE5D
778,Honda,Accord,JN1CV6EK2D
779,Nissan,Xterra,WAULC68E04
780,Volkswagen,Eurovan,SALVN2BG3E
781,Acura,Legend,WAUDH98EX8
782,Toyota,Camry,3FADP0L32C
783,Bentley,Arnage,1YVHZ8BH0A
784,Lamborghini,Murciélago,55SWF4JB2F
785,Ford,E-Series,WAUCFAFH2E
786,Honda,del Sol,WBA3C1C5XF
787,Buick,LeSabre,WBAVB13556
788,Toyota,Avalon,2C3CDYAG1C
789,GMC,Sonoma Club Coupe,1GKS1GEJ2D
790,Audi,V8,WAUKF98P09
791,Mercedes-Benz,E-Class,3G5DB03E64
792,Kia,Sephia,3VW507AT3F
793,Chevrolet,Suburban 1500,3C63DRNL5C
794,Lincoln,Aviator,1GTN1UEH9F
795,Mercedes-Benz,SLK-Class,WUADUAFG6F
796,Mercury,Cougar,WBAWV53538
797,Chevrolet,Suburban 2500,3FAHP0JA8A
798,Dodge,Ram,WAUDF78E27
799,Suzuki,Aerio,19UUA76538
800,Oldsmobile,Cutlass,JH4CU4F65C
801,Audi,S8,WP0CA2A84C
802,Volvo,960,WBY2Z2C50F
803,Audi,A8,JH4CU2F6XB
804,Chevrolet,Silverado 3500,2C3CCAPG6D
805,Subaru,Brat,SCBBP9ZA5D
806,Ford,E250,1G4HP54K22
807,Isuzu,VehiCROSS,1N6AA0CCXE
808,Mercedes-Benz,SL-Class,WAUEF98E76
809,Nissan,Altima,3VWJX7AJ8A
810,Infiniti,Q,1FMJK1F59C
811,Mercedes-Benz,S-Class,WBAYB6C54E
812,Pontiac,GTO,1GTN2TEH3F
813,Buick,Park Avenue,WAUNF78P88
814,Lotus,Exige,KMHFG4JG9F
815,GMC,Jimmy,WDDEJ7HB9A
816,Saturn,L-Series,WBAUN13549
817,Chevrolet,Lumina,WAUKH94F96
818,Honda,Accord,1FTEW1CF3F
819,Aston Martin,V8 Vantage,1D7RV1GP8B
820,Mazda,MX-5,WVWAP7AN3D
821,Nissan,Versa,4A31K5DF4C
822,Mazda,Protege,JM1NC2LF3F
823,GMC,Sierra 1500,2C4RDGEG3C
824,Chevrolet,Sportvan G20,1N4AB7AP3D
825,Dodge,Ram Wagon B250,WAUEF78E88
826,Isuzu,i-290,KMHTC6AD7D
827,Nissan,Armada,WAUSH78E26
828,Lincoln,Mark LT,1G6DM5E36D
829,BMW,645,YV426MDB9F
830,GMC,Suburban 1500,JH4CU26619
831,Suzuki,Samurai,1G6AX5SX3F
832,Toyota,Corolla,2C3CDZBG4F
833,Toyota,Land Cruiser,3D73M3CL9A
834,Cadillac,CTS,1N4AA5AP6D
835,Toyota,Solara,SCFAB02EX9
836,Mazda,Miata MX-5,WBAKF3C55C
837,Volkswagen,GTI,1HGCP2E34C
838,Toyota,Highlander,5TDBW5G12D
839,Mercury,Tracer,WBANU5C56A
840,Buick,Regal,1G4GC5GR6C
841,Pontiac,Grand Prix,WAUHFAFL9C
842,Lexus,GX,1G6DS5ED6B
843,BMW,X3,SAJWA1CZ1E
844,Jaguar,S-Type,2C3CCARG0F
845,Pontiac,Grand Prix,5J8TB4H3XD
846,Mercedes-Benz,SL-Class,1GD22ZCG4D
847,Oldsmobile,Aurora,WBAGL63432
848,Mazda,626,5N1AN0NW9F
849,Honda,Pilot,1N6AA0CJ3E
850,Mercedes-Benz,W201,JA32U1FU2D
851,GMC,Savana 1500,ML32A3HJXF
852,Ford,EXP,1FTKR1AD1B
853,Jeep,Patriot,1G4CW54K35
854,Cadillac,Brougham,2FMGK5B87D
855,Chevrolet,Impala,2G4GL5EX4E
856,Mitsubishi,GTO,5GAKVAKD3E
857,Volkswagen,Eurovan,19XFB4F27D
858,Porsche,928,WA1WMAFE7D
859,Subaru,Legacy,JN1CV6EK7F
860,GMC,Suburban 1500,5J8TB1H20C
861,Pontiac,6000,WAULT68E55
862,Mercedes-Benz,300TE,WBAKE3C55D
863,Subaru,SVX,1G6KD5E67B
864,Nissan,Quest,2T1KE4EE9C
865,Lexus,ES,TRUWT28N14
866,Buick,Enclave,2G61P5S34F
867,Buick,Century,WA1DGAFEXE
868,Mercedes-Benz,CLS-Class,JTDBT4K32B
869,BMW,6 Series,JTHBE1KS1A
870,Nissan,Versa,SCBBP9ZA3A
871,Porsche,Boxster,WBAVA37597
872,Pontiac,G5,5TDDCRFH8F
873,Audi,Allroad,1GYEK63N94
874,Oldsmobile,Aurora,JTDKDTB39E
875,Suzuki,Sidekick,WA1YD54B02
876,Volkswagen,Jetta,WDBSK7BA9C
877,Ford,Ranger,WAUKD98P06
878,Toyota,RAV4,WAUSF78E16
879,Mercedes-Benz,SLK-Class,SCBDU3ZA9C
880,Chevrolet,Astro,WAUKFAFL8E
881,Chevrolet,Silverado,1G4PP5SK8D
882,Mercury,Mountaineer,WBAEA53558
883,Volkswagen,Eurovan,WAUHF78P08
884,Chevrolet,Cavalier,1FADP5BU4D
885,Rolls-Royce,Phantom,1GD01ZEG5B
886,Chevrolet,Tahoe,JHMZF1C60D
887,Buick,Regal,1G6DU6EV2A
888,Oldsmobile,Silhouette,5N1AR1NB4C
889,Chevrolet,Classic,SCFAB02A97
890,Audi,5000CS,WBAPK7C50B
891,Volkswagen,Passat,5TDBCRFHXF
892,Ford,Explorer,JN8AF5MR0E
893,Maybach,57,1G6DH8EG2A
894,Land Rover,Range Rover,3D73M4CL2A
895,Lexus,IS F,2G4WF52193
896,Chevrolet,Monte Carlo,1G4GC5EC2B
897,Oldsmobile,Aurora,1D7RV1GPXA
898,Kia,Sportage,WBSBL93401
899,Dodge,Intrepid,WBAFV3C55E
900,Infiniti,G,1N6AD0CU0C
901,Cadillac,Escalade EXT,1D7RE5GK3A
902,Chevrolet,Silverado 3500,WBY2Z2C56E
903,Mazda,MX-6,5GALRAEDXA
904,Mazda,Familia,WBA1F9C52F
905,Porsche,911,1G6AX5S39E
906,Volkswagen,Jetta,1N6AD0CW7E
907,Bentley,Continental GT,1FBNE3BL3C
908,Buick,Riviera,WBALX3C53C
909,Audi,A7,2C3CDXEJ0D
910,Kia,Soul,WAUDT48H14
911,Chevrolet,Cobalt SS,1J4NF1FB5A
912,Volkswagen,New Beetle,1G4GE5GV0A
913,Land Rover,Discovery,TRUVD38J39
914,Mercedes-Benz,M-Class,1G6YV36A78
915,Cadillac,DeVille,WBA4B1C50F
916,Audi,A6,1YVHZ8BH8B
917,Hyundai,Elantra,1G6KD57968
918,Honda,Pilot,1C4RDHEG2E
919,GMC,Sierra 1500,2T1KE4EE1B
920,Mitsubishi,Galant,1ZVBP8AM9E
921,Toyota,T100,3GYT4NEF1D
922,GMC,Jimmy,WAUEFAFL8F
923,Ford,Mustang,WAUKD78P56
924,Ford,Taurus,WDCGG0EBXE
925,Suzuki,Samurai,2G4WF521X3
926,Mercury,Grand Marquis,1GTN1TEX3B
927,Mercedes-Benz,SLK-Class,1G6AC5S37E
928,Subaru,Outback,WA1VMAFE3F
929,Cadillac,Allante,WAUXL68E84
930,Austin,Mini Cooper,2GKALMEK2D
931,Mazda,Millenia,WBA3A5C57E
932,Nissan,Sentra,KNAGM4ADXE
933,Dodge,Ram 3500 Club,5GAKRAED1B
934,Buick,Century,1G6DK8EY9B
935,Dodge,Ram 1500,WAUEH98E28
936,Jeep,Liberty,WBAFR9C53D
937,Audi,A4,3N1BC1CP1C
938,Dodge,Ram Van B250,SALWG2WF5E
939,Ford,Festiva,1C3CCBBB3D
940,Hyundai,Sonata,WAUDH74F18
941,Honda,Pilot,WAUJC58E95
942,Ford,Explorer Sport,1B3BD4FBXB
943,Chevrolet,Sportvan G20,1FTMF1EW0A
944,Buick,LaCrosse,TRUDD38J48
945,Acura,RL,5UXFE83598
946,Buick,LeSabre,JTDKDTB39D
947,Lexus,ES,JM1GJ1T51E
948,Nissan,Maxima,1G6DU6EA5A
949,Hyundai,Entourage,3GTXCYEJ6A
950,GMC,Yukon,1G4HP54K92
951,Audi,100,WBAVC93598
952,Volkswagen,Scirocco,WA1YL54BX4
953,Lincoln,Navigator L,2T1KE4EE6C
954,Infiniti,I,JTDKN3DU7A
955,Ford,Festiva,19UUA56701
956,Nissan,350Z,WAUFGAFB8A
957,Mitsubishi,Pajero,1N6AF0KX0E
958,Ford,Ranger,1G6DA8E58C
959,Audi,Cabriolet,3C3CFFJH4F
960,Volvo,XC60,1G6DP8EDXB
961,Suzuki,SJ,1FTEW1C88F
962,Acura,RDX,1FTEW1CM9E
963,Isuzu,Trooper,1GD312CG5B
964,Mercedes-Benz,SL-Class,WBAKX8C55B
965,Oldsmobile,Cutlass Supreme,5BZBF0AA1E
966,BMW,6 Series,SALVN2BG4D
967,Oldsmobile,LSS,3VW517AT0E
968,Land Rover,Discovery,WVGFF9BP0B
969,Mercedes-Benz,E-Class,JM1BL1L30C
970,Honda,del Sol,1NXBU4EEXA
971,Lexus,LS,1G6AH5S34D
972,Suzuki,XL-7,WBA3C3C55E
973,Infiniti,G,1G6DK8E32D
974,Morgan,Aero 8,1G6DJ8ED5B
975,Chrysler,PT Cruiser,1G6DD67V98
976,Chevrolet,S10,JTDJTUD31D
977,Audi,A4,KMHFC4DFXB
978,Subaru,SVX,JM3TB2BA9C
979,Mitsubishi,Galant,WBA3B3G59D
980,Maserati,Quattroporte,2C4RRGAG9E
981,Austin,Mini Cooper S,4T1BD1EB9E
982,BMW,M6,WAUSF78K89
983,Mazda,Mazda5,3C3CFFCR8C
984,Porsche,944,1FTEX1EWXA
985,Pontiac,Grand Am,19VDE1F51E
986,Suzuki,Grand Vitara,WDDHF2EBXB
987,Chevrolet,Express 1500,KNAFU6A28A
988,Volvo,S60,SALVP1BG9E
989,Infiniti,QX,2C4RDGEG4E
990,BMW,M5,SCFAD22363
991,GMC,3500,ZHWGU5BZ2C
992,Lexus,GX,1FTEW1CM3C
993,Audi,A8,SAJWA2EK0E
994,Nissan,Stanza,2B3CA3CV2A
995,Chevrolet,Corsica,4T1BF1FK9F
996,Audi,TT,3C4PDDBG6E
997,Mercedes-Benz,300D,3D4PH5FV4A
998,Mercedes-Benz,SLK-Class,KNADM5A31D
999,Mitsubishi,Endeavor,1GYS3HKJ7F
1000,Bentley,Continental Flying Spur,19UUA9F50E
